S/N,Sentences,Cause1,Effect1,Sententiality1,Causality1,Cause2,Effect2,Sententiality2,Causality2
1,The Sunshine State drew in a net influx of about $17.7 billion in adjusted gross income (AGI)  -  most of which (72 percent) came from those aged 55 and older. It is consistently one of the most popular destinations for retirees due to affordability and low taxes. Florida's $17.7 billion in net AGI dwarves the remaining 19 states that saw a positive net influx of income  -  which combined for a total of $19.4 billion.,It is consistently one of the most popular destinations for retirees due to affordability and low taxes.,The Sunshine State drew in a net influx of about $17.7 billion in adjusted gross income (AGI)  -  most of which (72 percent) came from those aged 55 and older.,,,It is consistently one of the most popular destinations for retirees due to affordability and low taxes.,Florida's $17.7 billion in net AGI dwarves the remaining 19 states that saw a positive net influx of income  -  which combined for a total of $19.4 billion.,,
2,Florida is unique in that it also draws a large proportion of higher net-worth individuals  -  more than 85 percent of its net inflow of income came from people earning at least six-figures.,Florida is unique in that it also draws a large proportion of higher net-worth individuals,more than 85 percent of its net inflow of income came from people earning at least six-figures.,,,,,,
3,Connecticut,,,,,,,,
4,CLICK HERE TO GET THE FOX BUSINESS APP  Data from the U.S. Census Bureau showed that while Florida received more movers than any other state last year,,,,,,,,
5,New York had the third-largest outflows of any state,,,,,,,,
6,The stock increased 1.02% or $0.23 during the last trading session,,,,,,,,
7,(NASDAQ:SBRA) has declined 1.62% since September 21,,,,,,,,
8,The stock decreased 0.54% or $0.15 during the last trading session,,,,,,,,
9,Weyerhaeuser Company (NYSE:WY) has declined 25.53% since September 21,,,,,,,,
10,After $0.46 actual EPS reported by Sabra Health Care REIT,,,,,,,,
11,Investors sentiment increased to 1.25 in Q2 2019. Its up 0.38,,,,,,,,
12,Investors sentiment decreased to 1.02 in 2019 Q2. Its down 0.11,,,,,,,,
13,Thomas Cook  Thomas Cook collapses,,,,,,,,
14,Photograph: Christopher Thomond/The Guardian  Thomas Cook has ceased trading after talks failed to produce a funding lifeline for the ailing travel company,,,,,,,,
15,The total cost of holidaymakers' guarantees to be paid by the Atol scheme  -  underwritten by the Civil Aviation Authority watchdog  -  is an estimated £600m now that the company has gone bust.,the company has gone bust.,The total cost of holidaymakers' guarantees to be paid by the Atol scheme  -  underwritten by the Civil Aviation Authority watchdog  -  is an estimated £600m,,,,,,
16,Addressing the temperance meeting,,,,,,,,
17,After the war,,,,,,,,
18,In 2007,,,,,,,,
19,iShares US Preferred Stock ETF (NASDAQ:PFF) Shares Bought by Security National Bank of Sioux City Iowa IA .3% during the 2nd quarter,,,,,,,,
20,Laurel Wealth Advisors LLC increased its holdings in iShares US Preferred Stock ETF by 75.0% in the 1st quarter. Laurel Wealth Advisors LLC now owns 700 shares of the company's stock worth $26,,,,,,,,
21,Finally,,,,,,,,
22,NASDAQ:PFF traded up $0.10 during midday trading on Monday,,,,,,,,
23,He said the company is well on track on attaining the Final Investment Decision (FID) on Train 7,,,,,,,,
24,iShares S&P Mid-Cap 400 Value ETF (NYSEARCA:IJJ) declared a  -  dividend on Tuesday,,,,,,,,
25,iShares S&P Mid-Cap 400 Value ETF (NYSEARCA:IJJ) declared a  -  dividend on Tuesday,,,,,,,,
26,IJJ traded down $2.57 during trading on Tuesday,,,,,,,,
16,President Muhammadu Buhari has disclosed that Nigeria lost an estimated $157.5 billion to illicit financial flows between 2003 and 2012.  Mr Buhari quoted from the 2014 Global Financial Integrity Report in his address to the High-Level National Side-Event organised by the African Union Development Agency and New Partnership for Africa's Development (AUDA-NEPAD) and the Economic and Financial Crimes Commission (EFCC).,illicit financial flows between 2003 and 2012.,President Muhammadu Buhari has disclosed that Nigeria lost an estimated $157.5 billion,,,,,,
17,Citing tax avoidance as another form of illicit financial flow,,,,,,,,
18,If we get the tax structure right,,,,,,,,
19,The only sizable cash flow has gone to the Baltimore Casino Local Development Council (BLDC),,,,,,,,
20,In the '90s,,,,,,,,
21,The city wants a 33-1/3 percent tax on Adjusted Gross Receipts (the total earned from wagerers after prize money is doled out) to pay for police and fire pensions. A study by the Illinois Gaming Board found that such a tax would only allow a casino to turn a 1 or 2 percent profit,,,,,,,,
22,Losses at its Car Store segment widened to 19.1 million pounds. To revive its loss-making Car Store unit,,,,,,,,
23,Euro exchange rate (EUR/CHF): on January 15,,,,,,,,
17,The Leave win led to an 11 percent drop in GBP/USD overnight.,The Leave win,an 11 percent drop in GBP/USD overnight.,,,,,,
18,The unexpected Trump victory led to an 8.3 percent rise in USD/MXN overnight.,The unexpected Trump victory,an 8.3 percent rise in USD/MXN overnight.,,,,,,
19,Many of Tunisia's sacred cows have fallen,,,,,,,,
20,Oddur Sigurðsson,,,,,,,,
21,Worldwide,,,,,,,,
22,Mitigating climate change is one of the top priorities of the government,,,,,,,,
23,The U.S. Treasury Department said on Wednesday it was imposing sanctions on five Chinese nationals and six entities that it said had violated Washington's unilateral curbs on Tehran,,,,,,,,
24,Park Hotels & Resorts Inc (NYSE:PK) Plans Quarterly Dividend of $0.45 . Stockholders of record on Monday,,,,,,,,
25,Park Hotels & Resorts Inc (NYSE:PK) Plans Quarterly Dividend of $0.45 . Stockholders of record on Monday,,,,,,,,
26,Analysts expect Park Hotels & Resorts to earn $2.89 per share next year,,,,,,,,
27,Shares of PK stock traded down $0.24 during mid-day trading on Wednesday,,,,,,,,
28,The financial services provider reported $0.40 earnings per share (EPS) for the quarter,,,,,,,,
29,Finally,,,,,,,,
30,Finally,,,,,,,,
31,Not now,,,,,,,,
32,Firm Capital Mortgage Investment Corp (TSE:FC) to Issue Monthly Dividend of $0.08 Tweet  Firm Capital Mortgage Investment Corp (TSE:FC) declared a monthly dividend on Friday,,,,,,,,
33,Firm Capital Mortgage Investment Corp (TSE:FC) to Issue Monthly Dividend of $0.08 Tweet  Firm Capital Mortgage Investment Corp (TSE:FC) declared a monthly dividend on Friday,,,,,,,,
34,Shares of Firm Capital Mortgage Investment stock traded down C$0.08 during trading on Wednesday,,,,,,,,
35,The company reported C$0.24 EPS for the quarter,,,,,,,,
36,Analyst Ratings  This is a breakdown of current ratings and recommmendations for Alta Mesa Resources and Repay,,,,,,,,
37,Repay has a consensus price target of $15.00,,,,,,,,
38,In an effort to prevent the federal fund rate rising further the central bank added more money into the system on Thursday. So far this week $203 billion has been injected into the markets.,In an effort to prevent the federal fund rate rising further the central bank added more money into the system on Thursday.,So far this week $203 billion has been injected into the markets.,,,,,,
39,UPDATE: The NY Fed is planning to inject another $75 billion into the financial system on Friday (tomorrow). That will be more than $275 billion total in four days this week.,UPDATE: The NY Fed is planning to inject another $75 billion into the financial system on Friday (tomorrow).,That will be more than $275 billion total in four days this week.,,,,,,
,(NASDAQ:JCS) declared a quarterly dividend on Monday,,,,,,,,
,(NASDAQ:JCS) declared a quarterly dividend on Monday,,,,,,,,
,Communications Systems stock traded up $0.01 during mid-day trading on Wednesday,,,,,,,,
,The communications equipment provider reported $0.30 earnings per share (EPS) for the quarter,,,,,,,,
,CUSHING RENAISS/COM Announces Monthly Dividend of $0.14 (NYSE:SZC) CUSHING RENAISS/COM (NYSE:SZC) declared a monthly dividend on Tuesday,,,,,,,,
,CUSHING RENAISS/COM Announces Monthly Dividend of $0.14 (NYSE:SZC) CUSHING RENAISS/COM (NYSE:SZC) declared a monthly dividend on Tuesday,,,,,,,,
,Shares of NYSE SZC traded down $0.11 during midday trading on Wednesday,,,,,,,,
,WisdomTree U.S. Dividend ex-Financials Fund (NYSEARCA:DTN) declared a  -  dividend on Tuesday,,,,,,,,
,WisdomTree U.S. Dividend ex-Financials Fund (NYSEARCA:DTN) declared a  -  dividend on Tuesday,,,,,,,,
,Shares of WisdomTree U.S. Dividend ex-Financials Fund stock traded down $0.90 on Tuesday,,,,,,,,
,Intersect Capital LLC Raises Position in iShares Select Dividend ETF (NASDAQ:DVY) Intersect Capital LLC increased its holdings in shares of iShares Select Dividend ETF (NASDAQ:DVY) by 51.0% during the 2nd quarter,,,,,,,,
,PNC Financial Services Group Inc. lifted its position in iShares Select Dividend ETF by 1.0% during the first quarter. PNC Financial Services Group Inc. now owns 4,,,,,,,,
,Northwestern Mutual Wealth Management Co. raised its position in iShares Select Dividend ETF by 1.8% during the first quarter. Northwestern Mutual Wealth Management Co. now owns 859,,,,,,,,
,Commonwealth Equity Services LLC raised its position in iShares Select Dividend ETF by 13.3% during the first quarter. Commonwealth Equity Services LLC now owns 733,,,,,,,,
,Finally,,,,,,,,
,Shares of NASDAQ DVY traded down $1.30 during midday trading on Tuesday,,,,,,,,
,The firm also recently disclosed a  -  dividend,,,,,,,,
,Morguard North American Announces Monthly Dividend of $0.06 (TSE:MRG) Tweet  Morguard North American (TSE:MRG) announced a monthly dividend on Monday,,,,,,,,
,Morguard North American Announces Monthly Dividend of $0.06 (TSE:MRG) Tweet  Morguard North American (TSE:MRG) announced a monthly dividend on Monday,,,,,,,,
40,The tax basically covers both the employer and employee portion of the Social Security and Medicare taxes. The self-employment tax liability is 15.3% of the net earnings.,The tax basically covers both the employer and employee portion of the Social Security and Medicare taxes.,The self-employment tax liability is 15.3% of the net earnings.,,,,,,
41,European listed real estate outperforms European general equities with an average of 7.7% annualised returns (vs 4.6% for equities) and beating the European government bonds (4.6% annualised).,European listed real estate outperforms European general equities with an average of 7.7% annualised returns (vs 4.6% for equities),beating the European government bonds (4.6% annualised).,,,,,,
42,The Association has been and will continue to be highly involved in EU legislation,,,,,,,,
43,Between the strong and stable dividend yield attracting institutional investors and large and accelerating investment flows into alternative property sectors,,,,,,,,
44,With more than 275 members,,,,,,,,
45,With more than 275 members,,,,,,,,
46,It's the first strategic move by Mr Catalano since the former Domain CEO took control of ACM on July 1.  Partnering with Alex Waislitz and his ASX-listed Thorney Investment Group,,,,,,,,
42,Stocks climbed on Tuesday as oil prices fell and the Federal Reserve began its two-day meeting to determine the direction of interest rates. US monetary policy has been key a focus over the last several weeks as other central banks around the world have lowered interest rates to stave-off slowing growth. The Fed is expected to follow suit and cut borrowing costs by 25 basis points in September.,Stocks climbed on Tuesday as oil prices fell and the Federal Reserve began its two-day meeting to determine the direction of interest rates.,The Fed is expected to follow suit and cut borrowing costs by 25 basis points in September.,,,,,,
43,Shares of Chipotle climbed as much as 4% after the company announced a new carne asada meat option.,the company announced a new carne asada meat option.,Shares of Chipotle climbed as much as 4%,,,,,,
44,Warren Buffett-backed Kraft-Heinz fell as much as 4.7% after Brazilian private equity firm 3G Capital Partners sold 25.1 million shares,,,,,,,,
45,ECONOMY - Provide up to 2,,,,,,,,
46,ECONOMY - Create 300,,,,,,,,
44,CLIMATE - Invest in a 100% renewable electricity grid. Cut federal emission-level goals to 60% below 2005 levels by 2030.,Cut federal emission-level goals to 60% below 2005 levels by 2030.,CLIMATE - Invest in a 100% renewable electricity grid.,,,Four research analysts have rated the stock with a hold rating and four have issued a buy rating to the stock.,The stock has a consensus rating of Buy and an average price target of $151.50.,,
45,- - Sell Ratings - Hold Ratings - Buy Ratings - Strong Buy Ratings - Rating Score  - Isign Solutions - 0 - 0 - 0 - 0 - N/A  - Square - 3 - 15 - 17 - 0 - 2.40  Square has a consensus price target of $79.51,,,,,,,,
46,Prudential subsidiaries PGIM Investments and AST Investment Services have paid out a combined $187 million after the Securities and Exchange Commission (SEC) charged the firms with misleading fund shareholders. PRU,,,,,,,,
47,(NASDAQ:JKHY) declared a quarterly dividend on Monday,,,,,,,,
45,(NASDAQ:JKHY) declared a quarterly dividend on Monday,,,,,,,,
46,Equities analysts expect Jack Henry & Associates to earn $4.18 per share next year,,,,,,,,
47,The technology company reported $0.79 EPS for the quarter,,,,,,,,
48,In other news,,,,,,,,
49,They set a neutral rating and a $147.00 target price for the company. Four research analysts have rated the stock with a hold rating and four have issued a buy rating to the stock. The stock has a consensus rating of Buy and an average price target of $151.50.,They set a neutral rating and a $147.00 target price for the company.,The stock has a consensus rating of Buy and an average price target of $151.50.,,,Four research analysts have rated the stock with a hold rating and four have issued a buy rating to the stock.,The stock has a consensus rating of Buy and an average price target of $151.50.,,
50,GBP is the strongest of the majors,,,,,,,,
51,USD/JPY is down 0.5% to just below 108,,,,,,,,
52,The finalist paired with the winning horse will win the Win A Share contest and the share in Landmark 13 Stable (valued at $2,,,,,,,,
53,In the twelve years of operation there have been several hundred individuals involved with the twelve ownership groups,,,,,,,,
54,Landmark 10 is racing four-year-old pacing mare,,,,,,,,
55,The name tags and bench of attorneys from various international banks are pictured at a regional court in Bonn where two British bankers are accused of involvement in bogus Cum-Ex tax reclaims of 440 million euros from the German state,,,,,,,,
56,Prosecutors allege that players in the scheme misled the state into thinking a stock had multiple owners who were each owed a dividend and a tax credit. Germany estimates such trades cost it more than 5 billion euros in total.,Prosecutors allege that players in the scheme misled the state into thinking a stock had multiple owners who were each owed a dividend and a tax credit.,Germany estimates such trades cost it more than 5 billion euros in total.,,,,,,
57,Brorhilker said the two men had targeted companies including carmaker BMW and airline Lufthansa,,,,,,,,
58,The majority of councils around the country have decided to increase property tax levels by up to 15 per cent amid rising pressure on local budgets. Out of 24 councils that have so far voted on property tax proposals,,,,,,,,
59,In Cavan,,,,,,,,
60,Security Token  Santander,,,,,,,,
61,Indeed,,,,,,,,
62,British American Tobacco  British American Tobacco issued with £900m Dutch tax bill Maker of Rothmans and Camel brands accused of avoiding tax on money channelled via Netherlands  Simon Goodley  Lucky Strike cigarettes at the factory.,Maker of Rothmans and Camel brands accused of avoiding tax on money channelled via Netherlands  Simon Goodley  Lucky Strike cigarettes at the factory.,British American Tobacco  British American Tobacco issued with £900m Dutch tax bill,,,Accounts show revenues up 10%,a record €25m in 12 months to end October 2018 Merrion Hotel: Bill Gates of Microsoft stayed there last week.,,
63,Photograph: Michaela Rehle/Reuters  British American Tobacco is being pursued by the Dutch authorities for £902m in unpaid taxes,,,,,,,,
64,Page 211 of the report states: The Dutch tax authority has issued a number of assessments on various issues across the years 2003 to 2016 in relation to various intra-group transactions. The assessments amount to an aggregate net liability across these periods of £902m covering tax,,,,,,,,
65,Last week the group announced plans to cut 2,,,,,,,,
66,Based on geography,,,,,,,,
67,Based on geography,,,,,,,,
68,Beyond that we have target savings,,,,,,,,
69,So you discover that both micro,,,,,,,,
70,So you discover that both micro,,,,,,,,
71,Now we are trying to extent this to N100 million which will happen before the end of this year,,,,,,,,
72,Then we have Alip,,,,,,,,
73,- - Sell Ratings - Hold Ratings - Buy Ratings - Strong Buy Ratings - Rating Score  - Verastem - 0 - 2 - 4 - 0 - 2.67  - Helix Biopharma - 0 - 0 - 0 - 0 - N/A  Verastem presently has a consensus price target of $5.75,,,,,,,,
74,The individual income tax's share of total state and local revenues in Maryland ranked second highest among the 50 states,,,,,,,,
75,Durkan also proposed establishing the country's first Driver Resolution Center,,,,,,,,
76,Durkan also proposed establishing the country's first Driver Resolution Center,,,,,,,,
77,The companies already pay a 24-cent fee per ride to fund wheelchair-accessible taxis and regulation of the industry,,,,,,,,
78,Cadence announces that at the Annual General Meeting of the Company held today,,,,,,,,
79,There are no shares held in treasury. The total voting rights in the Company upon Admission is therefore 105,,,,,,,,
80,Had they answered yes to a full twenty year investment time horizon and then actually held for these past 20 years,,,,,,,,
81,Based upon the most recent annualized dividend rate of 2.12/share,,,,,,,,
82,Another interesting datapoint we can examine is 'yield on cost'  -  in other words,,,,,,,,
83,SPDR Dow Jones REIT ETF (RWR) To Go Ex-Dividend on September 23rd Tweet  SPDR Dow Jones REIT ETF (NYSEARCA:RWR) declared a  -  dividend on Monday,,,,,,,,
84,SPDR Dow Jones REIT ETF (RWR) To Go Ex-Dividend on September 23rd Tweet  SPDR Dow Jones REIT ETF (NYSEARCA:RWR) declared a  -  dividend on Monday,,,,,,,,
85,RWR traded up $0.29 during trading on Wednesday,,,,,,,,
86,Because A's and B's underlying businesses and their prospects are identical,,,,,,,,
87,But with a 529 plan,,,,,,,,
88,If you withdraw the money for a purpose other than qualified education costs,,,,,,,,
89,Only $22.9 billion,,,,,,,,
90,Also like 529 savings plans,,,,,,,,
91,According to PlacementTracker,,,,,,,,
92,Investors are catching on to B. Riley's growth story,,,,,,,,
93,Long-term investors have been rewarded with the stock appreciating nearly 210% over the past five years. If B. Riley continues to make smart,,,,,,,,
94,Second-quarter investment banking revenues totaled $104.3 million,,,,,,,,
95,Second-quarter investment banking revenues totaled $104.3 million,,,,,,,,
96,Oppenheimer's stock slightly edged the S&P 500 by 1%,,,,,,,,
97,The investment banking team at Ladenburg Thalmann Financial Services (NYSEMKT:LTS) kept busy in Q2,,,,,,,,
98,The assessor's office decided to study the issue and then,,,,,,,,
99,Then this year's proposed reassessment arrived,,,,,,,,
100,The Ministry of Finance accepted an offer from Al-Cardinal's reported partner in the deal,,,,,,,,
101,Eritrean businessman Ghebremeskel Tesfamariam Ghidey,,,,,,,,
102,COMPLICIT  After South Sudan's government halted oil production in 2012 amid a dispute with Khartoum,,,,,,,,
103,South Sudan-registered companies owned by Gebre received 21 of the letters of credit identified in the audit report,,,,,,,,
104,CHILD SOLDIERS  The first transfer reportedly occurred on December 15,,,,,,,,
105,As these reserves are made up of retained profits after corporation tax has been paid,,,,,,,,
106,But after 12 months of welcoming drivers,,,,,,,,
107,But after 12 months of welcoming drivers,,,,,,,,
108,Global accepted its board's recommendation to merge with KAMCO  KAMCO KAMCO  -2.13% 92.00 -2.00  Mubasher: The extraordinary general meeting (EGM) of Global Investment House has discussed the matters pertaining to the draft merger with KAMCO Investment Company during its meeting on 18 September 2019. Global's shareholders have approved the cancellation of treasury stocks amounting to 13 million shares,,,,,,,,
109,POWERSHARES FTSE RAFI US 1500 SMALL-MID PORTFOLIO (BMV:PRFZ) Declares  -  Dividend of $0.37 POWERSHARES FTSE RAFI US 1500 SMALL-MID PORTFOLIO (BMV:PRFZ) announced a  -  dividend on Monday,,,,,,,,
110,POWERSHARES FTSE RAFI US 1500 SMALL-MID PORTFOLIO (BMV:PRFZ) Declares  -  Dividend of $0.37 POWERSHARES FTSE RAFI US 1500 SMALL-MID PORTFOLIO (BMV:PRFZ) announced a  -  dividend on Monday,,,,,,,,
111,The Reserve Bank of Australia also revealed in its board meeting minutes it kept the official cash rate at one per cent because of concerns about low wage growth and international tensions. The RBA said the decision was based in part on the unemployment rate,,,,,,,,
112,The Australian Bureau of Statistics revealed residential property prices fell 0.7 per cent in the June quarter,,,,,,,,
113,It recorded a 4.8 per cent slide in people's expectations for their finances over the next 12 months. While households feel okay about their current financial situation,,,,,,,,
114,Similarly,,,,,,,,
115,Gig Workers Rising will continue to fight for drivers to be full employees,,,,,,,,
116,Merrion Hotel had record 2018 as profits rose 29% to €4.1m Accounts show revenues up 10% to a record €25m in 12 months to end October 2018 Merrion Hotel: Bill Gates of Microsoft stayed there last week.,Merrion Hotel had record 2018 as profits rose 29%,€4.1m,,,Accounts show revenues up 10%,a record €25m in 12 months to end October 2018 Merrion Hotel: Bill Gates of Microsoft stayed there last week.,,
117,Photograph: Alan Betson  Pretax profits at the five-star Merrion Hotel in Dublin rose by 29 per cent last year to €4.14 million on the back of strong average room rates and occupancy levels.,strong average room rates and occupancy levels.,Photograph: Alan Betson  Pretax profits at the five-star Merrion Hotel in Dublin rose by 29 per cent last year to €4.14 million,,,,,,
118,New accounts for Hotel Merrion Ltd also show that revenues increased by 10 per cent to a record €25.06 million in the 12 months to the end of October 2018.,New accounts for Hotel Merrion Ltd also show that revenues increased by 10 per cent,a record €25.06 million in the 12 months to the end of October 2018.,,,,,,
119,A breakdown of the hotel's revenues show that it recorded €15.83 million from accommodation,,,,,,,,
120,A breakdown of the hotel's revenues show that it recorded €15.83 million from accommodation,,,,,,,,
121,A breakdown of the hotel's revenues show that it recorded €15.83 million from accommodation,,,,,,,,
122,A breakdown of the hotel's revenues show that it recorded €15.83 million from accommodation,,,,,,,,
123,Accumulated profits at the firm last year increased from €2.74 million to €6.19 million.,Accumulated profits at the firm last year increased from €2.74 million,€6.19 million.,,,,,,
124,Social Security Administration,,,,,,,,
125,Image caption   The launch of the new Routemaster was a high point for Wrightbus  The top company in the Wright business,,,,,,,,
126,Source link  Related Topics:imran khanpakistanPoliticsPTIpunjab governmentusman buzdar  Up Next  Sainsbury's to close 60 Argos stores as profit set to dip  Don't Miss  Bill Murray set for St Andrews golf event after car crash report  Advertisement  Hinkley Point C nuclear plant to run £2.9bn over budget.,profit set to dip  Don't Miss  Bill Murray set for St Andrews golf event after car crash report  Advertisement  Hinkley Point C nuclear plant to run £2.9bn over budget.,Source link  Related Topics:imran khanpakistanPoliticsPTIpunjab governmentusman buzdar  Up Next  Sainsbury's to close 60 Argos stores,,,,,,
127,Rothesay Life,,,,,,,,
128,The company currently insures the pensions of over 770,,,,,,,,
129,The Board is also popularising techniques like low frequency tapping (including once-a -week tapping) and controlled upward tapping to further improve production and bringing down the cost. The Board anticipates an annual production of 7.5 lakh tonne natural rubber this fiscal.,The Board is also popularising techniques like low frequency tapping (including once-a -week tapping) and controlled upward tapping to further improve production and bringing down the cost.,The Board anticipates an annual production of 7.5 lakh tonne natural rubber this fiscal.,,,,,,
130,Timely rain-guarding has jacked up natural rubber output by 14,,,,,,,,
131,The production recorded in July was 60,,,,,,,,
132,For addressing this issue of unharvested plantations,,,,,,,,
133,Contrary to popular perception,,,,,,,,
134,Exhibit 1  2. Services play a growing and undervalued role in global value chains In 2017,,,,,,,,
135,Every day,,,,,,,,
136,If we vary the ratio of GDP per capita of the exporter and importer from 2 to 10,,,,,,,,
137,Moreover,,,,,,,,
138,The intraregional share of global goods trade has increased by 2.7 percentage points since 2013,,,,,,,,
139,Previous MGI research highlighted China's working-age population as one of the key global consumer segments by 2030,,,,,,,,
140,As it reaches the tipping point of having more millionaires than any other country in the world,,,,,,,,
141,By 2017,,,,,,,,
142,In 2002,,,,,,,,
143,In textiles and apparel,,,,,,,,
144,From 2005 to 2017,,,,,,,,
145,While many of those transactions may substitute for traditional offline trade flows,,,,,,,,
146,Blockchain shipping solutions can reduce transit times and speed payments. We calculate that new logistics technologies could reduce shipping and customs processing times by 16 to 28 percent. By removing some of the frictions that slow the movement of goods today,,,,,,,,
147,Blockchain shipping solutions can reduce transit times and speed payments. We calculate that new logistics technologies could reduce shipping and customs processing times by 16 to 28 percent. By removing some of the frictions that slow the movement of goods today,,,,,,,,
148,The academic literature finds that a 1 percent reduction in trade costs can result in a 0.4 percent increase in trade flows.,The academic literature finds that a 1 percent reduction in trade costs,a 0.4 percent increase in trade flows.,,,,,,
149,Companies in advanced economies are already automating some customer support services rather than offshoring them. This could reduce the $160 billion global market for business process outsourcing (BPO),,,,,,,,
150,Overall,,,,,,,,
151,For example,,,,,,,,
152,Please see ourPrivacy Noticefor details of your data protection rights  Thank you for subscribingSee our privacy notice  Could not subscribe,,,,,,,,
153,It comes on top of a £31m transport investment package which was agreed by the WMCA back in June to help the city with works around Pool Meadow bus station,,,,,,,,
154,City of Culture is expected to attract 2.5 million visitors,,,,,,,,
155,In the last fiscal year,,,,,,,,
156,Some of the biggest losers of Sirius' share price implosion are its major shareholders. These include FTSE 250 firm Jupiter Fund Management PLC (LON:JUP),,,,,,,,
157,Some of the biggest losers of Sirius' share price implosion are its major shareholders. These include FTSE 250 firm Jupiter Fund Management PLC (LON:JUP),,,,,,,,
158,Lastly,,,,,,,,
159,The attack on Saudi Arabia's Abqaiq plant,,,,,,,,
160,Mr. Thummel projected that oil prices in the United States will settle at between $60 and $70 a barrel,,,,,,,,
161,Americans burn about 400 million gallons of gasoline a day,,,,,,,,
162,Higher prices also help smaller oil companies and oil service companies,,,,,,,,
163,A mother of five,,,,,,,,
164,Viola,,,,,,,,
165,Viola,,,,,,,,
166,A community-led catchment management scheme has resulted in the planting of more 3,,,,,,,,
167,Analyst Recommendations  This is a breakdown of current recommendations for CBRE Group and Retail Value,,,,,,,,
168,Retail Value has a consensus target price of $38.00,,,,,,,,
169,- (BUSINESS WIRE) - NGL Energy Partners LP (NYSE: NGL) announced today that the Board of Directors of its general partner declared a distribution for the quarter ending September 30,,,,,,,,
170,The goal is to have a smaller bank,,,,,,,,
171,Source: Deutsche Bank  Its goal is to eliminate these assets from the bank's balance sheet in a few years,,,,,,,,
172,Other key financial targets are for core revenue of €25 billion ($27.5 billion) in 2022,,,,,,,,
173,In the short term,,,,,,,,
174,Going forward,,,,,,,,
175,Equities and fixed-income reported an 18% decline in revenues compared to the same period of last year,,,,,,,,
176,The bank targets a cost-to-income ratio of 70% by 2022 by cutting some €6 billion ($6.6 billion) in annual expenses and some revenue growth,,,,,,,,
177,Due to one-off deferred tax assets (DTA) impairment of €2 billion ($2.2 billion) in the past quarter,,,,,,,,
178,However,,,,,,,,
179,The EIA reported 1.4 GW of PV module shipments in June and 1.1 GW in July  -  the highest monthly volumes seen since November,,,,,,,,
180,Only 426 MWdc was installed during the second quarter,,,,,,,,
181,Wood Mackenzie is forecasting 12.6 GWdc of solar will be installed this year and has reduced its utility scale forecast due to completion of many projects being pushed out to next year or later.,completion of many projects being pushed out to next year or later.,Wood Mackenzie is forecasting 12.6 GWdc of solar will be installed this year and has reduced its utility scale forecast,,,,,,
182,Cannabis stocks Canopy Growth (NYSE:CGC),,,,,,,,
183,Tuesday's losses furthered a brutal sell-off in these cannabis leaders' shares,,,,,,,,
184,Henry Resources,,,,,,,,
185,KeyBank unit provides $15 million in financing for apartment complex in Potsdam - The Central New York Business Journal plus 1...,apartment complex in Potsdam - The Central New York Business Journal plus 1.,KeyBank unit provides $15 million in financing,,,,,,
186,Related  Thursday 19 September 2019 8:16 am  Share  Saga posted a sharp fall in profits during the first half of this year,,,,,,,,
187,With Restaurant Brands at $72.59,,,,,,,,
188,Sandler O'Neill lowered shares of Customers Bancorp from a buy rating to a hold rating in a research report on Thursday,,,,,,,,
189,Sandler O'Neill lowered shares of Customers Bancorp from a buy rating to a hold rating in a research report on Thursday,,,,,,,,
190,The bank reported $0.38 earnings per share (EPS) for the quarter,,,,,,,,
191,The company had revenue of $64.68 million during the quarter,,,,,,,,
192,BNP Paribas Arbitrage SA raised its stake in shares of Customers Bancorp by 75,,,,,,,,
193,Victory Capital Management Inc. raised its stake in shares of Customers Bancorp by 10.9% during the first quarter. Victory Capital Management Inc. now owns 40,,,,,,,,
194,JPMorgan Chase & Co. raised its stake in shares of Customers Bancorp by 1,,,,,,,,
195,Royce & Associates LP raised its stake in shares of Customers Bancorp by 1,,,,,,,,
196,Finally,,,,,,,,
197,Stockton Council's 'Money Market Funds' 2018/19 BlackRock - £1,,,,,,,,
198,Stockton raised £608,,,,,,,,
199,The council also held £18.8m-worth of directly owned property as well as offering out £910,,,,,,,,
200,The 5% rule for company shareholders To qualify for ER,,,,,,,,
201,Dilution From 6 April 2019 those shareholders whose holding in their company is reduced below the normal 5% qualifying level as a result of raising funds for commercial purposes by means of an issue of new shares may still obtain ER.,raising funds for commercial purposes by means of an issue of new shares may still obtain ER.,Dilution From 6 April 2019 those shareholders whose holding in their company is reduced below the normal 5% qualifying level,,,,,,
202,To qualify for the 10% CGT rate under 'investors' relief' the following conditions need to be met: shares must be newly issued and subscribed for by the individual for new consideration be in an unlisted trading company,,,,,,,,
203,Example On 15 April 2019 Jeff sold 2000 shares in A plc from his holding of 4000 shares which he had acquired as follows: 1000 in January 1990 1500 in March 2001 1500 in July 2005 Due to significant stock market changes,,,,,,,,
204,- - Sell Ratings - Hold Ratings - Buy Ratings - Strong Buy Ratings - Rating Score  - CBTX - 0 - 1 - 0 - 0 - 2.00  - KeyCorp - 1 - 11 - 10 - 0 - 2.41  CBTX presently has a consensus target price of $31.00,,,,,,,,
205,KeyCorp has a consensus target price of $23.98,,,,,,,,
206,Holiday chaos as Thomas Cook goes bust leaving 150,,,,,,,,
207,Holiday chaos as Thomas Cook goes bust leaving 150,,,,,,,,
208,South Africa Edtech Startup Snapplify Secures $2m to Boost International Expansion Reading Time: 2 minutes  Snapplify,,,,,,,,
209,South Africa Edtech Startup Snapplify Secures $2m to Boost International Expansion Reading Time: 2 minutes  Snapplify,,,,,,,,
210,Simon Thompson  Simon Thompson  Alpha Real Trust (ARTL:175p),,,,,,,,
211,By Mohammed Yusuf Share on Facebook Share on Twitter Share via Email Print this page Comments NAIROBI,,,,,,,,
212,Once complete,,,,,,,,
213,In a February 2018 proxy statement,,,,,,,,
214,But if Tesla's market value ballooned,,,,,,,,
215,The company,,,,,,,,
216,Analyst Ratings  This is a summary of current recommendations for Jerash Holdings (US) and its peers,,,,,,,,
217,Today,,,,,,,,
218,Clinical laboratories market is estimated to reach USD 496.0 million by 2024. Growth is attributed to increased need for regulatory compliance in developing markets such as China,,,,,,,,
219,Laboratory information management systems (LIMS) segment will show significant growth of 8.2% CAGR during the forecast period due to high adoption rate.,high adoption rate.,Laboratory information management systems (LIMS) segment will show significant growth of 8.2% CAGR during the forecast period,,,,,,
220,Software segment will witness remarkable growth of 7.8% CAGR in the forecast period. Escalating demand for data organization and rising inclination towards regulatory-compliant software owing to customized software,,,,,,,,
221,China healthcare laboratory informatics market is forecasted to reach USD 129.1 million by 2024. China healthcare laboratory informatics systems market is fueled by increasing disposable income,,,,,,,,
222,Muchow blamed the current $49.8 million budget shortfall on a 50 percent drop in coal exports,,,,,,,,
223,Most of the year-to-date revenue shortfall comes down to severance taxes missing estimates by $26.8 million and personal income tax collection coming up $21.78 million short,,,,,,,,
224,Muchow said part of August's $16.8 million shortfall was a timing issue,,,,,,,,
225,Also Monday,,,,,,,,
226,Analyst Ratings  This is a summary of recent recommendations and price targets for GTY Technology and Park City Group,,,,,,,,
227,Earlier this year,,,,,,,,
228,Since launching the database,,,,,,,,
229,Shares in IOOF closed up 7.93 per cent on Friday at $5.99 following the court's decision.,the court's decision.,Shares in IOOF closed up 7.93 per cent on Friday at $5.99,,,,,,
230,Six equities research analysts have rated the stock with a buy rating,,,,,,,,
231,The company reported ($0.39) EPS for the quarter,,,,,,,,
232,Cowen Inc. raised its holdings in Precision BioSciences by 7.5% in the second quarter. Cowen Inc. now owns 1,,,,,,,,
233,Victory Capital Management Inc. raised its holdings in Precision BioSciences by 474.9% in the second quarter. Victory Capital Management Inc. now owns 136,,,,,,,,
234,Finally,,,,,,,,
235,Home / briefs / Judge accused of not filing income tax returns  By: Associated Press September 18,,,,,,,,
236,55  Age at which individuals can contribute an extra $1,,,,,,,,
237,20%  Penalty incurred if HSA funds are used for anything but health-care costs prior to 65.,HSA funds are used for anything but health-care costs prior to 65.,20%  Penalty incurred,,,,,,
238,Contribution limits usually rise each year to adjust for inflation. This year,,,,,,,,
239,Those over age 55 can contribute an extra annual $1,,,,,,,,
240,Assuming the $7,,,,,,,,
241,Money taken out prior to age 65 and used for anything but health-care expenses are subject not only to income taxes,,,,,,,,
242,Concurrent Technologies PLC (CNC) to Issue Dividend of GBX 1.05 on October 11th Concurrent Technologies PLC (LON:CNC) announced a dividend on Tuesday,,,,,,,,
243,Concurrent Technologies PLC (CNC) to Issue Dividend of GBX 1.05 on October 11th Concurrent Technologies PLC (LON:CNC) announced a dividend on Tuesday,,,,,,,,
244,Shares of Apple climbed about 1% as the tech giant's latest slate of iPhones became available in stores.,the tech giant's latest slate of iPhones became available in stores.,Shares of Apple climbed about 1%,,,,,,
245,The company said that it would raise its quarterly dividend by 8%,,,,,,,,
246,He lived in it for a year on his own,,,,,,,,
247,She then buys a new home which she lives in as her main residence and lets the flat out for three years,,,,,,,,
248,If she sells it before 6 April 2020,,,,,,,,
249,The final 18 months are exempt as she lived in the flat for 12 months as her main residence.,she lived in the flat for 12 months as her main residence.,The final 18 months are exempt,,,,,,
250,If she sells the property after 6 April 2020,,,,,,,,
251,Chief Executive Jeff Bezos on Thursday committed the company to being carbon neutral by 2040 and said part of that pledge is an order for 100,,,,,,,,
252,Bezos said Amazon will meet the goals of the Paris climate accord 10 years ahead of schedule. The Trump administration said in June 2017 it was withdrawing from the Paris climate accord. Bezos also said Amazon was ordering 100,,,,,,,,
253,Amazon will also invest $100 million to restore forests and wetlands,,,,,,,,
254,Rivian added that when the fleet is fully deployed,,,,,,,,
255,Councillors heard that moving to collection every second week would save the city $500,,,,,,,,
256,In a New York Times op-ed they wrote:  The creeping web of these regulations has smothered wage and gross domestic product growth in American cities by a stunning 50 percent over the past 50 years. Without these regulations,,,,,,,,
257,Zoning regulations and urban renewal have greatly reduced low-cost opportunities such as boarding houses and residential hotels,,,,,,,,
258,Then,,,,,,,,
259,During the Great Recession,,,,,,,,
260,The shares are £1.56 and should increase in value,,,,,,,,
261,The original fryer cleaning business works with more than 6,,,,,,,,
262,Half-year figures,,,,,,,,
263,Profits are likely to be flat this year at £2.8 million,,,,,,,,
264,Last week,,,,,,,,
265,State media reported over the weekend that the Hangzhou Municipal Government would transfer 100 representatives to key enterprises such as Alibaba,,,,,,,,
266,The Diocese regularly reviews its liabilities,,,,,,,,
267,Greece is a maritime nation by tradition,,,,,,,,
268,The majority of the tugs are built in the early '50s or '70s while there are some that were commissioned in the mid '40s. The 90% of them needs replacement.,The majority of the tugs are built in the early '50s or '70s while there are some that were commissioned in the mid '40s.,The 90% of them needs replacement.,,,,,,
269,SANTA ROSA,,,,,,,,
270,Oil prices also simmered down,,,,,,,,
271,In company news,,,,,,,,
272,One of Thomas Cook's lenders,,,,,,,,
273,Shares in Trainline slid 28.5p to 438.5p after its former private equity owner KKR and other investors sold £285 million worth of shares in the business at 435p each.,its former private equity owner KKR and other investors sold £285 million worth of shares in the business at 435p each.,Shares in Trainline slid 28.5p to 438.5p,,,,,,
274,Mattress seller Eve Sleep returned to the junior AIM stock exchange on Friday,,,,,,,,
275,QRC Pte Ltd,,,,,,,,
276,QRC's offer price represents a steep 54.5 per cent discount from DLF's volume-weighted average price (VWAP) of S$0.178 for the month up to Sept 5,,,,,,,,
277,Under the agreement,,,,,,,,
278,MFS Municipal Income Trust (MFM) to Issue  -  Dividend of $0.03 on September 30th . Investors of record on Wednesday,,,,,,,,
279,MFS Municipal Income Trust (MFM) to Issue  -  Dividend of $0.03 on September 30th . Investors of record on Wednesday,,,,,,,,
280,Earlier this year it signed up for a $6 billion credit facility. As part of the deal,,,,,,,,
281,Earlier this year it signed up for a $6 billion credit facility. As part of the deal,,,,,,,,
282,In other words,,,,,,,,
283,As We's valuation falls,,,,,,,,
284,Openwork  By Rachel Mortimer  Openwork gained 262 advisers last year as the advice network continued its recruitment drive and focus on the company's academy programme.,the advice network continued its recruitment drive and focus on the company's academy programme.,Openwork  By Rachel Mortimer  Openwork gained 262 advisers last year,,,,,,
285,Assets under management at Openwork have continued to grow into this year hitting £8bn in July as the network reported a growing demand for advice.,the network reported a growing demand for advice.,Assets under management at Openwork have continued to grow into this year hitting £8bn in July,,,,,,
286,Openwork reported a 18.3 per cent increase in pre-tax profits to £22.6m for 2018,,,,,,,,
287,The speed in which CrowdStreet's investors committed to the funding target was pretty amazing as we hit the goal of over $25M in offers in just a few hours,,,,,,,,
288,(NYSE:CHD) CEO Matthew Farrell bought 7,,,,,,,,
289,Read more …  Kraft Heinz Co (NASDAQ:KHC) Director Jorge P. Lemann purchased 3,,,,,,,,
290,Read more …  Kraft Heinz Co (NASDAQ:KHC) Director Damme Alexandre Van purchased 250,,,,,,,,
291,Readmore …  Dominion Energy Inc (NYSE:D) Director Michael E. Szymanczyk purchased 21,,,,,,,,
292,Read more …  AbbVie Inc (NYSE:ABBV) Vice Chairman Laura J. Schumacher purchased 25,,,,,,,,
293,PLC (NYSE:ETN) insider Ken D. Semelsberger sold 17,,,,,,,,
294,Read more …  Raytheon (NYSE:RTN) VP Wesley D. Kremer sold 2,,,,,,,,
295,(NYSE:LOW) EVP Jennifer L. Weber sold 12,,,,,,,,
296,(NYSE:SYY) Director John M. Cassaday sold 20,,,,,,,,
297,(NYSE:LEG) CEO Karl G. Glassman sold 10,,,,,,,,
298,Read more…  Colgate-Palmolive (NYSE:CL) Chairman Ian M. Cook sold 19,,,,,,,,
299,(NASDAQ:CSCO) SVP Irving Tan sold 22,,,,,,,,
300,If you file jointly as a married couple,,,,,,,,
301,You may be required to pay taxes on up to 50% of your benefits if you are an individual with income between $25,,,,,,,,
302,Up to 85% of your benefits may be taxable if you are single and earn more than $34,,,,,,,,
303,If you work in a government position and receive a pension for work not subject to Social Security taxes,,,,,,,,
304,For example,,,,,,,,
305,For those retiring early,,,,,,,,
306,For those retiring early,,,,,,,,
307,Tom Marling | September 13,,,,,,,,
308,The company was buffered by turbulence from a weak Chinese autos sector in Q2 2019,,,,,,,,
309,- - Sell Ratings - Hold Ratings - Buy Ratings - Strong Buy Ratings - Rating Score  - WCF Bancorp - 0 - 0 - 0 - 0 - N/A  - BCB Bancorp - 0 - 1 - 0 - 0 - 2.00  BCB Bancorp has a consensus price target of $12.00,,,,,,,,
310,September 11,,,,,,,,
311,The cantonal tax regimes such as holding company,,,,,,,,
312,As of January 1,,,,,,,,
313,Therefore,,,,,,,,
314,Brent crude futures fell 0.64% to $64.14 a barrel while U.S. West Texas Intermediate (WTI) crude lost 0.78% to $58.88 per barrel. Saudi Energy Minister Prince Abdulaziz bin Salman said the kingdom has recovered supplies by tapping inventories,,,,,,,,
315,Possibly further complicating their discussion,,,,,,,,
316,In the currency market,,,,,,,,
317,Sterling traded at $1.2504,,,,,,,,
318,The announcement comes in the backdrop of India's merchandise exports declining by 6.05 per cent to USD 26.13 billion in August compared to the year-ago month.,The announcement comes in the backdrop of India's merchandise exports declining by 6.05 per cent,USD 26.13 billion in August compared to the year-ago month.,,,,,,
319,She said RoDTEP will replace the existing incentive schemes and will more than adequately incentivise exporters than the existing schemes put together. The minister said the revenue foregone towards the scheme is projected at Rs 50,,,,,,,,
320,Analyst Ratings  This is a summary of recent ratings for Rev Group and Electrameccanica Vehicles,,,,,,,,
321,Electrameccanica Vehicles has a consensus price target of $6.00,,,,,,,,
322,Property transfer tax revenue decreased by $315 million,,,,,,,,
323,For 2019 and onwards,,,,,,,,
324,For 2019 and onwards,,,,,,,,
325,He added that the priority sector norms will be reviewed by the Reserve Bank of India (RBI) which will lead to additional lending of Rs 30,,,,,,,,
326,To help stop this crisis,,,,,,,,
327,This will be implemented by expanding the IRS bureaucracy,,,,,,,,
328,The economists who wrote this plan estimate that 75,,,,,,,,
329,Newsletter A A  MUMBAI: Many companies have stopped expansion plans and are reaching out to tax experts after the corporate tax for new companies has been pegged at 15%. The reason being that instead of investing directly,,,,,,,,
330,While companies can avail 15% tax rate by making capital expenditure through a new legal entity,,,,,,,,
331,By By Matthew Green Reuters 27 minutes ago  Almost 90 big companies in sectors from food to cement to telecommunications are pledging to slash their greenhouse gas emissions in a new campaign to steer multi-nationals towards a low-carbon future.,steer multi-nationals towards a low-carbon future.,By By Matthew Green Reuters 27 minutes ago  Almost 90 big companies in sectors from food to cement to telecommunications are pledging to slash their greenhouse gas emissions in a new campaign,,,,,,
332,We Mean Business said 87 companies are now involved,,,,,,,,
333,- - Sell Ratings - Hold Ratings - Buy Ratings - Strong Buy Ratings - Rating Score  - Isign Solutions - 0 - 0 - 0 - 0 - N/A  - Black Knight - 0 - 1 - 10 - 0 - 2.91  Black Knight has a consensus price target of $63.09,,,,,,,,
334,The St. Paul City Council will have the unenviable task on Wednesday of approving a maximum tax levy limit that would add nearly $35 million to property taxes in 2020. The $190.7 million levy would be a 22 percent tax increase over the current year.,The St. Paul City Council will have the unenviable task on Wednesday of approving a maximum tax levy limit that would add nearly $35 million to property taxes in 2020.,The $190.7 million levy would be a 22 percent tax increase over the current year.,,,,,,
335,WHY A 22 PERCENT HIKE? So why might the city council contemplate increasing property tax collections by 22 percent next year? Much of it has to do with the Nov. 5 ballot,,,,,,,,
336,After combining the proposed St. Paul,,,,,,,,
337,Analyst Recommendations  This is a summary of recent ratings and price targets for Wyndham Destinations and its competitors,,,,,,,,
338,Nearly 1,,,,,,,,
339,Investors managing assets worth $35 trillion this week urged companies and governments to act with the utmost urgency to combat climate change.,combat climate change.,Investors managing assets worth $35 trillion this week urged companies and governments to act with the utmost urgency,,,,,,
340,India is slashing taxes on companies to try and rescue its struggling economy. Profits made by Indian companies will now be taxed at a rate of 22%,,,,,,,,
341,The government announcement sent Indian stock markets surging,,,,,,,,
342,It is paid in arrears so it can take up to five weeks after you claim to get your first payment.,It is paid in arrears,it can take up to five weeks after you claim to get your first payment.,,,,,,
343,You could be entitled to a work allowance if you're in work - which is the amount of money you can earn before your benefit payment is affected. Your Universal Credit payment will then go down by 63p for every £1 you earn above this amount.,You could be entitled to a work allowance if you're in work - which is the amount of money you can earn before your benefit payment is affected.,Your Universal Credit payment will then go down by 63p for every £1 you earn above this amount.,,,,,,
344,iShares MSCI USA Equal Weighted ETF (NYSEARCA:EUSA) Plans $0.20  -  Dividend . Shareholders of record on Wednesday,,,,,,,,
345,iShares MSCI USA Equal Weighted ETF (NYSEARCA:EUSA) Plans $0.20  -  Dividend . Shareholders of record on Wednesday,,,,,,,,
346,NYSEARCA:EUSA traded down $0.78 during trading hours on Tuesday,,,,,,,,
347,If your income falls on the lower end of the spectrum,,,,,,,,
348,Don't cash out if you can help it If you withdraw from a 401(k) or traditional IRA before you hit age 59 ½ you'll pay for it in the form of a 10% early withdrawal penalty.,Don't cash out if you can help it If you withdraw from a 401(k) or traditional IRA before you hit age 59 ½,you'll pay for it in the form of a 10% early withdrawal penalty.,,,,,,
349,Profitability also has improved over the past decade as the company got larger and more efficient,,,,,,,,
350,Its operating income was $1.8 billion,,,,,,,,
351,This means that Fiserv's free cash flow generation is very good,,,,,,,,
352,On the other hand,,,,,,,,
353,Fiserv agreed back in January to buy First Data,,,,,,,,
354,This means that integration risk is high and will change Fiserv's business,,,,,,,,
355,Fiserv believes that this business combination makes sense from the complementary assets between the two companies,,,,,,,,
356,Moreover,,,,,,,,
357,Planning Solutions Group LLC Boosts Stake in Vanguard High Dividend Yield ETF (NYSEARCA:VYM) Planning Solutions Group LLC increased its position in shares of Vanguard High Dividend Yield ETF (NYSEARCA:VYM) by 1.4% during the second quarter,,,,,,,,
358,Planning Solutions Group LLC Boosts Stake in Vanguard High Dividend Yield ETF (NYSEARCA:VYM) Planning Solutions Group LLC increased its position in shares of Vanguard High Dividend Yield ETF (NYSEARCA:VYM) by 1.4% during the second quarter,,,,,,,,
359,Bank of America Corp DE grew its stake in Vanguard High Dividend Yield ETF by 0.7% in the 2nd quarter. Bank of America Corp DE now owns 7,,,,,,,,
360,Morgan Stanley grew its stake in Vanguard High Dividend Yield ETF by 4.2% in the 2nd quarter. Morgan Stanley now owns 5,,,,,,,,
361,LPL Financial LLC grew its stake in Vanguard High Dividend Yield ETF by 9.7% in the 2nd quarter. LPL Financial LLC now owns 2,,,,,,,,
362,Envestnet Asset Management Inc. grew its stake in Vanguard High Dividend Yield ETF by 12.4% in the 2nd quarter. Envestnet Asset Management Inc. now owns 1,,,,,,,,
363,Finally,,,,,,,,
364,VYM stock traded down $0.07 during midday trading on Friday,,,,,,,,
365,Brazil's largest fixed-line carrier expects to raise more than R$10 billion (Us$2.4 billion) by selling its mobile operations,,,,,,,,
366,With a 27.5% stake that makes it the single largest investor in Carige,,,,,,,,
367,Weakened by decades of mismanagement and an excessive local exposure,,,,,,,,
368,These companies have not paid taxes worth Rs 1,,,,,,,,
369,Read:  Using the name FluffayPenguin,,,,,,,,
370,Well,,,,,,,,
371,Now down to 6-8% due to drop in housing prices),,,,,,,,
372,There is a huge stigma with living at home,,,,,,,,
373,Food & drink industry  More than 1,,,,,,,,
374,Food & drink industry  More than 1,,,,,,,,
375,Photograph: Myung Jung Kim/PA  More than 1,,,,,,,,
376,UHY Hacker Young said the rapid growth of the causal-dining sector since the 2008 financial crisis had resulted in an oversaturated mid-market,,,,,,,,
377,Microsoft Corp.,,,,,,,,
378,General Motors Co.,,,,,,,,
379,United States Steel Corp.,,,,,,,,
380,Herman Miller Inc.,,,,,,,,
381,Darden Restaurants Inc.,,,,,,,,
382,China Biologic Products Holdings Inc.,,,,,,,,
383,PulteGroup Inc.,,,,,,,,
384,Overstock.com Inc.,,,,,,,,
385,After the aborted sale,,,,,,,,
386,However,,,,,,,,
387,Thomas Cook was brought down by a $2.1 billion debt pile,,,,,,,,
388,She expects a cut of 25 basis point,,,,,,,,
389,Strategists described the event,,,,,,,,
390,Strategists said there was heavy Treasury issuance,,,,,,,,
391,Strategists said there was heavy Treasury issuance,,,,,,,,
392,- - Net Margins - Return on Equity - Return on Assets  - Bilibili - -17.94% - -13.32% - -8.25%  - Autohome - 39.33% - 29.47% - 21.42%  Analyst Ratings  This is a summary of current recommendations and price targets for Bilibili and Autohome,,,,,,,,
393,Autohome has a consensus price target of $100.12,,,,,,,,
394,However,,,,,,,,
395,Nike's stock surged in the days after the campaign debuted,,,,,,,,
396,According to measurement firm iSpot.tv,,,,,,,,
397,Kaepernick,,,,,,,,
398,The mandate to issue refunds comes under a provision in the Affordable Care Act that limits how much companies can keep for overhead and profit. The bulk of the rebates  -  a total of $80.4 million from four companies -  will go to those who overpaid for plans purchased on the individual market in 2018,,,,,,,,
399,The mandate to issue refunds comes under a provision in the Affordable Care Act that limits how much companies can keep for overhead and profit. The bulk of the rebates  -  a total of $80.4 million from four companies -  will go to those who overpaid for plans purchased on the individual market in 2018,,,,,,,,
400,Because of the number of people affected,,,,,,,,
401,Nationally,,,,,,,,
402,The economic impact of the now five-day long UAW strike of General Motors Co. is mounting  -  and expected to rise as the strike ripples through the supply base. Striking GM union members,,,,,,,,
403,Due to the forgone wages,,,,,,,,
404,This translates to roughly $2.23 million in lost income tax revenue for the state from $46.5 million in lost wages since the strike began at midnight on Monday.,the strike began at midnight on Monday.,This translates to roughly $2.23 million in lost income tax revenue for the state from $46.5 million in lost wages,,,,,,
405,Anderson Economic Group estimates the lost earnings to climb to as high as $13 million per day by next week as more and more suppliers are lay off workers due to the strike. Income tax revenue losses are also anticipated to grow to $600,,,,,,,,
406,The subprime blowup,,,,,,,,
407,Few were prepared for a single attack on a Saudi Arabian installation to take out 5% of the world's oil supplies,,,,,,,,
408,(c) Sky News 2019: Thomas Cook collapse: Repatriation to take two weeks  Sharon Marris,,,,,,,,
409,(c) Sky News 2019: Thomas Cook collapse: Repatriation to take two weeks  Sharon Marris,,,,,,,,
410,Around one million customers who had travel booked in the coming months have been told not to go to the airport,,,,,,,,
411,Around one million customers who had travel booked in the coming months have been told not to go to the airport,,,,,,,,
412,The Civil Aviation Authority (CAA) has mobilised more than 40 aircraft from airlines including British Airways and easyJet to bring 150,,,,,,,,
413,Rival holiday firm TUI saw its shares surge on news of Thomas Cook's collapse - rising 8% in early trading and closing the day up more than 6%,,,,,,,,
414,One investor,,,,,,,,
415,These issues became evident on August 8,,,,,,,,
416,Shares have risen 44 percent over the past year. Including dividends,,,,,,,,
417,Shares have risen 44 percent over the past year. Including dividends,,,,,,,,
418,Not surprisingly,,,,,,,,
419,With New Delhi weighing a law that would make local storage mandatory,,,,,,,,
420,(ACB - Get Rating) shares were trading at $6.54 per share on Wednesday morning,,,,,,,,
421,Beasley Broadcast Group Inc (NASDAQ:BBGI) Declares $0.05 Quarterly Dividend Tweet  Beasley Broadcast Group Inc (NASDAQ:BBGI) announced a quarterly dividend on Thursday,,,,,,,,
422,Beasley Broadcast Group Inc (NASDAQ:BBGI) Declares $0.05 Quarterly Dividend Tweet  Beasley Broadcast Group Inc (NASDAQ:BBGI) announced a quarterly dividend on Thursday,,,,,,,,
423,Shares of BBGI stock traded up $0.06 during mid-day trading on Wednesday,,,,,,,,
424,The company reported $0.15 earnings per share for the quarter,,,,,,,,
425,In related news,,,,,,,,
426,The bank was larger than others in customer deposits with N4.18trillion and also in total assets,,,,,,,,
427,Zenith maintained its second position in loans and deposits with N1.8trillion and N3.81trillion in deposits from customers.,N1.8trillion and N3.81trillion in deposits from customers.,Zenith maintained its second position in loans and deposits,,,,,,
428,Again,,,,,,,,
429,However,,,,,,,,
430,However,,,,,,,,
431,First Bank was however the fourth largest bank in terms of deposits and loans and advances with N3.48 trillion and N1.68trillion respectively as at June 30,,,,,,,,
432,In terms of loans and advances,,,,,,,,
433,A re-emerging Union Bank recorded a net profit of N11.9billion with loans and advances portfolio standing at N563billion.,loans and advances portfolio standing at N563billion.,A re-emerging Union Bank recorded a net profit of N11.9billion,,,,,,
434,The bank's deposits base (customer) was N890billion as total assets clinched N1.71trillion.,total assets clinched N1.71trillion.,The bank's deposits base (customer) was N890billion,,,,,,
435,Also,,,,,,,,
436,Conagra Brands Inc (NYSE:CAG) announced a quarterly dividend on Friday,,,,,,,,
437,Conagra Brands Inc (NYSE:CAG) announced a quarterly dividend on Friday,,,,,,,,
438,Equities research analysts expect Conagra Brands to earn $2.34 per share next year,,,,,,,,
439,Shares of CAG stock traded up $0.15 during trading hours on Friday,,,,,,,,
440,The company reported $0.36 earnings per share (EPS) for the quarter,,,,,,,,
441,Finally,,,,,,,,
442,Finally,,,,,,,,
443,Also,,,,,,,,
444,Insiders have sold 59,,,,,,,,
445,The alliance,,,,,,,,
446,Convergence between poorer and richer countries comes to a halt  In 2018,,,,,,,,
447,They increased by 22% to more than EUR 2,,,,,,,,
448,The global debt ratio (liabilities as a percentage of GDP),,,,,,,,
449,In the last three years alone,It is consistently one of the most popular destinations for retirees due to affordability and low taxes.,,,,Because of the strong growth in liabilities,It is consistently one of the most popular destinations for retirees due to affordability and low taxes.,,
450,David Rowe There's no doubt that there's a superficial appeal in allowing the $162.6 billion government-owned Future Fund to set up a new consumer fund that would actively compete for members with retail and industry super funds. After all,Florida is unique in that it also draws a large proportion of higher net-worth individuals,,,,,,,
451,When John places $100 in a safe deposit box with Bank One he does not relinquish his claim over the $100.,,he does not relinquish his claim over the $100.,,,,,,
452,Likewise,,,,,,,,
453,By lending Mike $50,,,,,,,,
454,According to the popular way of thinking,,,,,,,,
455,The $810 million will end up with a third bank,,,,,,,,
456,Observe that banks respond to the initial injection of $1 billion by the Fed,,,,,,,,
457,Thus when John lends his $50 via Bank One to Mike the $ 50 is transferred to Mike from John.,,the $ 50 is transferred to Mike from John.,,,,,,
458,If however,,,,,,,,
459,The CAA said 71 flights had operated on Wednesday,,,,,,,,
460,Writing on Twitter,,,,,,,,
461,Also on Wednesday,,,,,,,,
462,Thomas Cook ceased trading in the early hours of Monday after failing to secure a last-ditch rescue deal. About 9,,,,,,,,
463,- - Sell Ratings - Hold Ratings - Buy Ratings - Strong Buy Ratings - Rating Score  - Jumia Technologies - 0 - 3 - 4 - 0 - 2.57  - Jumia Technologies Competitors - 202 - 802 - 2410 - 82 - 2.68  Jumia Technologies currently has a consensus target price of $30.00,the company has gone bust.,,,,,,,
464,At Capital Economics,,,,,,,,
465,For a 65 year old,,,,,,,,
466,Winning looks like handing the Congressional Budget Office a piece of legislation and saying,,,,,,,,
467,Hubbard,,,,,,,,
468,More than $190 million of the additional money requested would add nearly 1,,,,,,,,
469,While not directly correlated to class size,,,,,,,,
470,Another big increase Mackey wants is in the amount of money called classroom instructional support that is given to teachers for materials for students and classrooms. The image below,,,,,,,,
471,An additional $25 million is needed to implement the Alabama Literacy Act,,,,,,,,
472,More than $51 million was allocated to the Alabama Reading Initiative,,,,,,,,
473,Mackey said Alabama's career technical programs need an additional $6 million in funding to expand programs that are working for students,,,,,,,,
474,He wants more than $48 million in additional state funding for children in special education and for English language learners.,,He wants more than $48 million in additional state funding,,,,,,
475,Mackey's proposal would create a new grant program,illicit financial flows between 2003 and 2012.,,,,,,,
476,He wants $12 million more in state funding for preschool for children in special education,,,,,,,,
477,Another chronically underfunded area,,,,,,,,
478,(NYSE:AAN) declared a quarterly dividend on Thursday,,,,,,,,
479,(NYSE:AAN) declared a quarterly dividend on Thursday,,,,,,,,
480,Equities analysts expect Aaron's to earn $4.48 per share next year,,,,,,,,
481,The company reported $0.93 earnings per share for the quarter,,,,,,,,
482,In related news,,,,,,,,
483,In the last 90 days,The Leave win,,,,,,,
484,Finally,The unexpected Trump victory,,,,,,,
485,Finally,,,,,,,,
486,If we have a clean break-out,,,,,,,,
487,By  HeartlandNews  -  2  0  Facebook  Twitter  Pinterest  WhatsApp  Linkedin  ReddIt  Telegram  Digg  In 2014,,,,,,,,
488,The Omaha World-Herald reported the case of a 94-year-old widow who lost a $1.1 million farm and all of its equity over a $50,,,,,,,,
489,When asked what steps he would recommend to remedy tax foreclosures that result in government claiming 100 percent of the proceeds,,,,,,,,
490,The business services provider reported ($0.03) EPS for the quarter,,,,,,,,
491,The company also recently announced a quarterly dividend,,,,,,,,
492,The company also recently announced a quarterly dividend,,,,,,,,
493,UBS Asset Management Americas Inc. increased its stake in RR Donnelley & Sons by 18.4% in the second quarter. UBS Asset Management Americas Inc. now owns 64,,,,,,,,
494,Inc. increased its stake in RR Donnelley & Sons by 258.6% in the second quarter. Inc. now owns 374,,,,,,,,
495,Finally,,,,,,,,
496,Share  September 13,,,,,,,,
497,Analyst Recommendations  This is a breakdown of current ratings and target prices for Heska and Response Genetics,,,,,,,,
498,Frame is the latest leisure addition to Angel Central,,,,,,,,
499,Chloe and her fiance will even have 33 relations flying out,,,,,,,,
500,Thomas Cook's financial difficulties have mounted over the previous 12 months,,,,,,,,
501,We are sorry to announce that Thomas Cook has ceased trading with immediate effect,,,,,,,,
502,The liquidation of the world's oldest travel company,,,,,,,,
503,Thomas Cook was struggling with debts approaching £2 billion,,,,,,,,
504,Condor,In an effort to prevent the federal fund rate rising further the central bank added more money into the system on Thursday.,,,,,,,
505,The BBC reported that the government had chartered 45 jets to get people home.,UPDATE: The NY Fed is planning to inject another $75 billion into the financial system on Friday (tomorrow).,The BBC reported that the government had chartered 45 jets,,,,,,
506,Image  Counters at Heraklion Airport on the Greek island of Crete on Monday.CreditStefanos Rapanis/Reuters  Layton Roche and Natalie Wells booked flights more than a year ago from Manchester to Kos,,,,,,,,
507,I'm absolutely gutted,,,,,,,,
508,Two years ago,,,,,,,,
509,- - Sell Ratings - Hold Ratings - Buy Ratings - Strong Buy Ratings - Rating Score  - Cambium Networks - 0 - 2 - 4 - 0 - 2.67  - Pointer Telocation - 0 - 2 - 0 - 0 - 2.00  Cambium Networks presently has a consensus target price of $13.58,,,,,,,,
510,Pointer Telocation has a consensus target price of $15.36,,,,,,,,
511,As Chappatta wrote there,,,,,,,,
512,He replied that the spreads had widened since Monday,,,,,,,,
513,Capped Upside,,,,,,,,
514,Volkswagen has invested USD 100 million in the newly established joint venture and has consequently become its biggest shareholder. We are convinced that the longer range,,,,,,,,
515,Cohen & Steers Select Pref & Inc Fd,,,,,,,,
516,Cohen & Steers Select Pref & Inc Fd stock traded down $0.08 during trading on Friday,,,,,,,,
517,But investor skepticism led to the start-up considering a potential IPO valuation earlier this month of as low as $10 billion,,,,,,,,
518,He has also secured a $500 million credit line from banks using company stock as collateral.,,He has also secured a $500 million credit line from banks,,,,,,
519,In a bid to ensure stability in the foreign exchange market,,,,,,,,
520,However,,,,,,,,
521,Activity level in the I&E Window fell 1.8 per cent to $1.07 billion from $1.08 billion recorded a fortnight ago.,,$1.07 billion from $1.08 billion recorded a fortnight ago.,,,,,,
522,The SEP 2020 instrument (contract price: N365.47) received the most buying interest in the week with additional subscription of $70.0 million which took total value to $84.2 million.,,took total value to $84.2 million.,,,,,,
523,On the other hand,,,,,,,,
524,The Open Buy Back (OBB) and Overnight (OVN) opened the week at 7.1 per cent and 8.3 per cent respectively,,,,,,,,
525,Despite Open Market Operations (OMO) maturities worth N347.7 billion,The tax basically covers both the employer and employee portion of the Social Security and Medicare taxes.,,,,,,,
526,The CBN also held an OMO auction last week,European listed real estate outperforms European general equities with an average of 7.7% annualised returns (vs 4.6% for equities),,,,,,,
527,Konekt Limited (KKT) to Issue Final Dividend of $0.01 on November 29th Konekt Limited (ASX:KKT) announced a final dividend on Friday,,,,,,,,
528,Konekt Limited (KKT) to Issue Final Dividend of $0.01 on November 29th Konekt Limited (ASX:KKT) announced a final dividend on Friday,,,,,,,,
529,Banks set milestones such as depositing funds totaling to $2,,,,,,,,
530,He said that when the economy was coming up from the U-curve,,,,,,,,
531,In order to meet the budgetary target of 17.3 per cent,,,,,,,,
532,Talking about West Bengal,Stocks climbed on Tuesday as oil prices fell and the Federal Reserve began its two-day meeting to determine the direction of interest rates.,,,,,,,
533,Failing to submit or pay a VAT return carries a fixed surcharge of up to 15% based on how many times you default in a 12 month period.,the company announced a new carne asada meat option.,,,,,,,
534,Analyst Ratings  This is a breakdown of current ratings and target prices for SofTech and Science Applications International,,,,,,,,
535,The federal government is the primary lender for those who borrow for college,,,,,,,,
536,Accounts filed on Monday showed Asda's operating profit was 803.2 million pounds in the year to Dec. 31,,,,,,,,
537,Analyst Recommendations  This is a breakdown of current ratings and price targets for KLX Energy Services and Hurricane Energy,Cut federal emission-level goals to 60% below 2005 levels by 2030.,,,,,,,
538,The remaining 11 had an ETR below the 25.17% that they would have to shell out if they migrated to the new regime.,,The remaining 11 had an ETR below the 25.17% that they would have to shell out,,,,,,
539,Even firms just over the 25% mark in this chart might think twice since once exemptions are given up they cannot be availed of in future.,,Even firms just over the 25% mark in this chart might think twice,,,,,,
540,Notably,,,,,,,,
541,Ryan Kenny  13 September 2019  Last week National Savings and Investments (NS&I) withdrew its one and three-year Guaranteed Growth and Income bonds from sale with immediate effect. It also cut rates for both new customers and some savers rolling over. It'll cost savers nearly £60m in lost interest.,,,,,,,,
542,Eligible deposits are protected up to £85,,,,,,,,
543,It was feared the collapse would leave up to 150,,,,,,,,
544,Shadow business secretary Rebecca Long Bailey said: The Government faces a simple choice between a £200 million Government cash injection to save the company now versus a £600 million bill to repatriate UK holidaymakers.,They set a neutral rating and a $147.00 target price for the company.,Shadow business secretary Rebecca Long Bailey said: The Government faces a simple choice between a £200 million Government cash injection,,,Four research analysts have rated the stock with a hold rating and four have issued a buy rating to the stock.,a £600 million bill,,
545,It was a dream of renewal for this town 70 miles from Washington,,,,,,,,
546,Twenty-five years later,,,,,,,,
547,She became director in 2008,,,,,,,,
548,They found it hadn't yet been allowed to solicit investments under the EB-5 program. The $140 million federal contract appeared to be a mirage,,,,,,,,
549,In 2018,,,,,,,,
550,Ryan Huttar,,,,,,,,
551,Attorneys in the civil lawsuit say McDonald allegedly convinced the authority to buy land from her aunt and uncle for a workforce housing project without disclosing that they were her relatives,Prosecutors allege that players in the scheme misled the state into thinking a stock had multiple owners who were each owed a dividend and a tax credit.,,,,,,,
552,The firm used $3.5 million in authority funds to buy four properties,,,,,,,,
553,The judge awarded County Supervisor Thomas H. Sayre (R-Shenandoah) $20,,,,,,,,
554,Because of one of the lawsuits,,,,,,,,
555,The Lesers spent $9,,,,,,,,
556,Last week nearly 50,,,,,,,,
557,American taxpayers also forked over $10bn to save the company.,Maker of Rothmans and Camel brands accused of avoiding tax on money channelled via Netherlands  Simon Goodley  Lucky Strike cigarettes at the factory.,American taxpayers also forked over $10bn,,,,,,
558,These profits are generating higher share prices (fueled by share buybacks) and higher executive pay,,,,,,,,
559,Researchers Daniel Greenwald at MIT's Sloan School of Business,,,,,,,,
560,- - Sell Ratings - Hold Ratings - Buy Ratings - Strong Buy Ratings - Rating Score  - Cambium Networks - 0 - 2 - 4 - 0 - 2.67  - Technical Communications - 0 - 0 - 0 - 0 - N/A  Cambium Networks presently has a consensus price target of $13.58,,,,,,,,
561,TULSA,,,,,,,,
562,It had an almost 46 per cent decline in gross income last financial year to 2016-17 when water levels were high.,,It had an almost 46 per cent decline in gross income last financial year to 2016-17,,,,,,
563,Then council would extend the pipeline about 2km to allow for the aquatic centre to be filled in times of low or zero flows in the Billabong Creek,,,,,,,,
564,The New York Federal Reserve Bank said Friday it will inject billions into the US financial plumbing on a daily basis for the next three weeks in an effort to prevent a spike in short-term interest rates.through October 10,,,,,,,,
565,Top News  Texas Instruments,,,,,,,,
566,Alphabet  -  Alphabet's Google unit will invest $3.3 billion over the next two years to expand its European data centers.,,Alphabet  -  Alphabet's Google unit will invest $3.3 billion over the next two years,,,,,,
567,In the last five years,,,,,,,,
568,E-commerce company goPuff was awarded $39 million in tax credits in 2018 to open a new warehouse distribution center in Gloucester County,,,,,,,,
569,- - Sell Ratings - Hold Ratings - Buy Ratings - Strong Buy Ratings - Rating Score  - Callon Petroleum - 0 - 5 - 14 - 0 - 2.74  - Dorchester Minerals - 0 - 0 - 0 - 0 - N/A  Callon Petroleum presently has a consensus price target of $11.38,,,,,,,,
570,Driven by growth in its Cloud and Surface laptop segments,,,,,,,,
571,Senator Jimmy Harte highlighted the case of one family who are being paid €1,,,,,,,,
572,Select your country Continue Create a free ResearchPool account to access full reports,,,,,,,,
573,Following the Great Financial Crisis,,,,,,,,
574,The LSE described HKEX's offer as fundamentally flawed,,,,,,,,
575,Analyst Recommendations  This is a breakdown of current ratings and price targets for Provident Financial Services and Northfield Bancorp,,,,,,,,
576,With this grant from the U.S. Department of Education,,,,,,,,
577,Thomas Cook ceased trading in the early hours of Monday after failing to secure a last-ditch rescue deal. About 9,,,,,,,,
578,Wednesday,,,,,,,,
579,Cortis had invested €60,,,,,,,,
580,Cortis also made a further €4,,,,,,,,
581,Under the deal,,,,,,,,
582,Cortis took Portelli to court for repayment of the outstanding debt,,,,,,,,
583,(NYSE: SAFE) announced today that the Company's Board of Directors has declared common stock dividends of $0.156 per share for the third quarter of 2019. The dividend represents an annualized rate of $0.624 per share and is payable on October 15,,,,,,,,
584,Upon completion of 6 properties currently under development,,,,,,,,
585,Germany estimates the schemes cost it more than 5 billion euros ($5.5 billion) in total. Prosecutors allege that players in the so-called cum-ex scheme misled the state into thinking a stock had multiple owners who were each owed a dividend and a tax credit.,,Germany estimates the schemes cost it more than 5 billion euros ($5.5 billion) in total.,,,,,,
586,Brorhilker has estimated that the alleged scheme she is prosecuting cost Germany some 450 million euros in lost taxes. She said the two men had started it when working at German bank HVB,,,,,,,,
587,Modi said his government's big and tough decisions to improve the business environment had resulted in the 1.3 billion people of India giving him a larger mandate in this year's Lok Sabha elections.,,the 1.3 billion people of India giving him a larger mandate in this year's Lok Sabha elections.,,,,,,
588,- - Sell Ratings - Hold Ratings - Buy Ratings - Strong Buy Ratings - Rating Score  - Radware - 0 - 0 - 2 - 0 - 3.00  - i3 Verticals - 0 - 1 - 4 - 0 - 2.80  Radware presently has a consensus price target of $30.00,,,,,,,,
589,i3 Verticals has a consensus price target of $26.20,,,,,,,,
590,in Market News  UPCOMING DEADLINE NOTICE: The Schall Law Firm Announces the Filing of a Class Action Lawsuit Against Oasmia Pharmaceutical AB and Encourages Investors with Losses in Excess of $100,,,,,,,,
591,Aside from the national tragedy,,,,,,,,
592,Amplify had some 90 applications tied to its core system when he started and now the goal is to whittle that down to about 30 so it's more manageable,,,,,,,,
593,We decided that,,,,,,,,
594,So if the Market Price RAD is $400,,,,,,,,
595,If you pay the full RAD there is no interest (DAP) pay no RAD and you will pay a DAP which is the interest on the full amount: $22,It is consistently one of the most popular destinations for retirees due to affordability and low taxes.,,,,,,,
596,Under the new rate,It is consistently one of the most popular destinations for retirees due to affordability and low taxes.,,,,,,,
597,Suppose the market price RAD for a facility was $400,Florida is unique in that it also draws a large proportion of higher net-worth individuals,,,,,,,
598,If she moved in today,,,,,,,,
599,One option is to move in before 1 October,,,,,,,,
600,Let's say Shirley reduced her assets of $165,,,,,,,,
601,Let's say Shirley reduced her assets of $165,,,,,,,,
602,If one has paid 30 per cent tax on their concessional contributions due to earning above $250,,,,,,,,
603,Law360,,,,,,,,
,Investment companies are claiming they suffered major losses caused by false accounting that wiped nearly £2 billion ($2.5 billion) off Tesco's value in 2014. (AP) Lawyers for Britain's largest retailer said at the start of the three-day High Court hearing that none of the fund operators involved were the legal owners of the Tesco PLC shares they are suing over.,,wiped nearly £2 billion ($2.5 billion) off Tesco's value in 2014.,,,,,,